Clave del Bien,Nombre del Bien,Grupo,Subgrupo,Clase,Marca,Modelo,Color,N. de Serie,No Factura,Proveedor,R. Social,Cod. Salud,F. Adquisicion,F. de Factura,F. de  Baja,Valor,F. Registro,Resguardo,ValorActual,ValorResidual,Cuenta Contable,Cuenta de Depreciacion,Cta de Activos,Ubicacion, D E P R E C I A C I O N E S,c1,c2,c3,c4,c5,c6,c7,c8,c9,Caracteristicas,Procedencia,Direccion,Division,Departamento,Responsable,Clave Emp.,Puesto,Clasificado,Nivel Dep.,Inventario Fisico,Ruta QR
42,MESA PARA MAQUINA DE ESCRIBIR,5,1,1,POLOMATIC,SIN MODELO,,SIN SERIE,,0,,,COMPRA,31/12/2014,,450,31/12/2014,1217,0,4.5,12411,1.26E+13,1.24E+13,DIRECCION GENERAL,16/02/2023,120,98,22,445.5,3.71,7.42,363.58,81.92,0,13/03/2024  *  SECRETARIA,HC,DIRECCION GENERAL,DIRECCION GENERAL,DIRECCION GENERAL,DR. JAVIER ALFONSO PINEDO ONOFRE,,,,1,1,\\serverhcimp\sistemas\hosp\patrimonial\qr\QR-000042.bmp
43,MAQUINA DE ESCRIBIR ELECTRICA,5,9,1,OLYMPIA,CONFORTYDE MD,,SIN SERIE,,0,,,COMPRA,31/12/2014,,"1,315.78",31/12/2014,1217,0,13.16,12419,1.26E+13,1.24E+13,DIRECCION GENERAL,16/02/2023,120,98,22,"1,302.62",10.86,21.72,"1,064.28",238.34,0,"13/03/2024   *  SECRETARIA",HC,DIRECCION GENERAL,DIRECCION GENERAL,DIRECCION GENERAL,DR. JAVIER ALFONSO PINEDO ONOFRE,,,,1,1,\\serverhcimp\sistemas\hosp\patrimonial\qr\QR-000043.bmp
44,ESCRITORIO,5,1,1,,,,,,0,,,COMPRA,31/12/2014,,"1,393.00",31/12/2014,0,0,13.93,12411,1.26E+13,1.24E+13,ALMACEN DE ACTIVO FIJO,16/02/2023,120,98,22,"1,379.07",11.49,22.98,"1,126.02",253.05,0,+++  *  2 CAJONES,HC,DIRECCION ADMINISTRATIVA,DIVISION DE RECURSOS MATERIALES,ACTIVO FIJO,L.D. ANA ROSA JUAREZ CONTRERAS,,,,1,1,\\serverhcimp\sistemas\hosp\patrimonial\qr\QR-000044.bmp
45,MESA DE COMPUTO,5,1,1,SIN MARCA,SIN MODELO,X,SIN SERIE,,0,,,COMPRA,31/12/2014,,798.99,31/12/2014,0,0,7.99,12411,1.26E+13,1.24E+13,NEONATOLOGIA,16/02/2023,120,98,22,791,6.59,13.18,645.82,145.18,0,+++ *,DONADO/OFICIALIA MAY,DIRECCION MEDICA,PEDIATRIA,DIVISION DE PEDIATRIA,DRA. MARTHA ELIZABETH RUBIO HERNANDEZ,,,,1,1,\\serverhcimp\sistemas\hosp\patrimonial\qr\QR-000045.bmp
46,SILLA DE ESPERA,5,1,1,,,,,,0,,,COMPRA,31/12/2014,,335,31/12/2014,0,0,0,12411,1.26E+13,1.24E+13,ENSEÑANZA E INVESTIGACION/SALA DE JUNTAS,16/02/2023,120,98,22,335,2.79,5.52,270.48,61.17,0,04/01/2024   *  SALA DE JUNTAS RAMIREZ ASNAR  COLOR BEIGE,HC,DIRECCION MEDICA,SUBDIRECCION DE ENSEÑANZA,SUBDIRECCION DE ENSEÑANZA,DR. JUAN MANUEL LOPEZ QUIJANO,,,,1,1,\\serverhcimp\sistemas\hosp\patrimonial\qr\QR-000046.bmp
47,SILLA DE ESPERA,5,1,1,,,,,,0,,,COMPRA,31/12/2014,,335,31/12/2014,0,0,3.35,12411,1.26E+13,1.24E+13,ALMACEN DE ACTIVO FIJO,16/02/2023,120,0,0,331.65,0,0,0,0,0,+++    *  COLOR BEIGE,HC,DIRECCION ADMINISTRATIVA,DIVISION DE RECURSOS MATERIALES,ACTIVO FIJO,L.D. ANA ROSA JUAREZ CONTRERAS,,,,1,1,\\serverhcimp\sistemas\hosp\patrimonial\qr\QR-000047.bmp
48,SILLA DE ESPERA,5,1,1,,,,,,0,,,COMPRA,31/12/2014,,335,31/12/2014,0,0,3.35,12411,1.26E+13,1.24E+13,ALMACEN DE ACTIVO FIJO,16/02/2023,120,0,0,331.65,0,0,0,0,0,+++       *  COLOR BEIGE,HC,DIRECCION ADMINISTRATIVA,DIVISION DE RECURSOS MATERIALES,ACTIVO FIJO,L.D. ANA ROSA JUAREZ CONTRERAS,,,,1,1,\\serverhcimp\sistemas\hosp\patrimonial\qr\QR-000048.bmp
49,CALENTADOR,5,9,1,LAKEWOOD,7096,,234R,,0,,,COMPRA,31/12/2014,,699,31/12/2014,0,0,6.99,12419,1.26E+13,1.24E+13,DIRECCION GENERAL,,120,0,120,692.01,5.77,0,0,692.01,0,-   *,HC,DIRECCION GENERAL,DIRECCION GENERAL,DIRECCION GENERAL,DR. JAVIER ALFONSO PINEDO ONOFRE,,,,1,2,\\serverhcimp\sistemas\hosp\patrimonial\qr\QR-000049.bmp
50,IMPRESORA,5,5,1,HP,LASERJET 1200,,CNBJ17611,,0,,,COMPRA,31/12/2014,15/09/2022,"4,477.30",31/12/2014,896,0,44.77,12413,1.26E+13,1.24E+13,JEFATURA DE ENFERMERIA,31/08/2021,36,22,0,"4,432.53",123,"1,230.00","4,428.00","4,432.53",0,- *,HC,DIRECCION MEDICA,PARAMEDICA,ENFERMERIA,COLORADO JUAREZ MA. GUADALUPE,,,,1,2,\\serverhcimp\sistemas\hosp\patrimonial\qr\QR-000050.bmp
51,SILLA DE ESPERA,5,1,1,,,,,,0,,,COMPRA,31/12/2014,12/07/2024,335,31/12/2014,1101,0,3.35,12411,1.26E+13,1.24E+13,ALMACEN DE ACTIVO FIJO,,120,0,120,331.65,2.76,0,0,331.65,0,-   *  COLOR GRIS,HC,DIRECCION ADMINISTRATIVA,DIVISION DE RECURSOS MATERIALES,ACTIVO FIJO,L.D. ANA ROSA JUAREZ CONTRERAS,,,,1,1,\\serverhcimp\sistemas\hosp\patrimonial\qr\QR-000051.bmp
52,CPU,5,5,1,DELL,OPTIPLEX 320,,HGPKP-GY8V8,,0,,,COMPRA,31/12/2014,28/01/2020,"13,000.81",31/12/2014,532,0,130.01,12413,1.26E+13,1.24E+13,MEDICINA LEGAL,04/09/2021,36,36,0,"12,870.80",357.52,0,"12,870.72","12,870.80",0,,DONADO/MULTIFARMACOS,DIRECCION GENERAL,MEDICINA LEGAL,MEDICINA LEGAL,DR. RICARDO J. DIAZ DE LEON NAVARRO,,,,1,4,\\serverhcimp\sistemas\hosp\patrimonial\qr\QR-000052.bmp
53,MONITOR LCD,5,5,1,DELL,E157FP,,MX0YM223-46634-75G-1MK1,,0,,,,,24/02/2015,0,,181,0,0,12413,1.26E+13,1.24E+13,CENDIS CIRUGIAS,,36,0,36,0,0,0,0,0,0,,DONADO/MULTIFARMACOS,DIRECCION MEDICA,PARAMEDICA,FARMACIA CLINICA,Q.F.B. TANIA CORREA LOPEZ,,,,2,0,\\serverhcimp\sistemas\hosp\patrimonial\qr\QR-000053.bmp
54,REGULADOR,5,6,6,VICR,,,4016910,,0,,,COMPRA,31/12/2014,,"4,618.65",31/12/2014,0,0,46.19,12466,1.26E+13,1.25E+13,DIRECCION GENERAL,,60,0,60,"4,572.46",76.21,0,0,"4,572.46",0,-   *  COLOR GRIS,HC,DIRECCION GENERAL,DIRECCION GENERAL,DIRECCION GENERAL,DR. JAVIER ALFONSO PINEDO ONOFRE,,,,1,2,\\serverhcimp\sistemas\hosp\patrimonial\qr\QR-000054.bmp
55,ESCRITORIO,5,1,1,,,,,,0,,,COMPRA,31/12/2014,,"1,393.00",31/12/2014,0,0,13.93,12411,1.26E+13,1.24E+13,ALMACEN DE ACTIVO FIJO,16/02/2023,120,98,22,"1,379.07",11.49,22.98,"1,126.02",253.05,0,+++ *  6 CAJONES-COLOR NOGAL,HC,DIRECCION ADMINISTRATIVA,DIVISION DE RECURSOS MATERIALES,ACTIVO FIJO,L.D. ANA ROSA JUAREZ CONTRERA,,,,1,1,\\serverhcimp\sistemas\hosp\patrimonial\qr\QR-000055.bmp
56,SILLON SECRETARIAL,5,1,1,PM STEELE,,,,22855,0,"PRODUCTOS METALICOS STEELE, S,A, DE C,V,",,COMPRA,30/10/2009,,"2,342.34",30/10/2009,0,0,23.42,12411,1.26E+13,1.24E+13,ALMACEN DE ACTIVO FIJO,31/08/2021,120,0,0,"2,318.92",0,0,0,0,0,#¨NOMBRE?,HC,DIRECCION ADMINISTRATIVA,DIVISION DE RECURSOS MATERIALES,ACTIVO FIJO,L.D. ANA ROSA JUAREZ CONTRERAS,,,,2,1,\\serverhcimp\sistemas\hosp\patrimonial\qr\QR-000056.bmp
57,CPU,5,5,1,DELL,OPTIPLEX 320,,6ZG40D1,R1507,0,"Multifarmacos de Occidente, S.A. de C.V.",,DONACION,01/06/2007,14/11/2016,"13,000.81",31/12/2007,303,0,130.01,12413,1.26E+13,1.24E+13,TRABAJO SOCIAL/CONSULTA EXTERNA,11/07/2016,36,0,36,"12,870.80",0,0,0,"12,870.80",0,DONADO POR MULTIFARMACOS DE OCCIDENTE,DONADO/MULTIFARMACOS,DIRECCION MEDICA,PARAMEDICA,TRABAJO SOCIAL,LTS. MARIA G. ACOSTA RODRIGUEZ,,,A,2,4,\\serverhcimp\sistemas\hosp\patrimonial\qr\QR-000057.bmp
58,MONITOR LCD,5,5,1,DELL,E157FP,,MX04M22346634,R1507,0,"Multifarmacos de Occidente, S.A. de C.V.",,DONACION,01/06/2007,12/05/2016,0,31/12/2007,263,0,0,12413,1.26E+13,1.24E+13,CENDIS MEDICINAS,,36,0,36,0,0,0,0,0,0,DONADO POR MULTIFARMACOS DE OCCIDENTE,DONADO/MULTIFARMACOS,DIRECCION MEDICA,PARAMEDICA,FARMACIA CLINICA,Q.F.B. TANIA CORREA LOPEZ,,,,2,0,\\serverhcimp\sistemas\hosp\patrimonial\qr\QR-000058.bmp
59,IMPRESORA,5,5,1,HP,LASERJET P1005,,VND3K28747,,0,,,COMPRA,31/12/2014,31/10/2023,"1,165.00",31/12/2014,1016,0,0,12413,1.26E+13,1.24E+13,ALMACEN DE ACTIVO FIJO,16/02/2023,36,0,0,"1,165.00",32.36,0,0,"1,165.00",0,#¨NOMBRE?,HC,DIRECCION ADMINISTRATIVA,DIVISION DE RECURSOS MATERIALES,ACTIVO FIJO,L.D. ANA ROSA JUAREZ CONTRERAS,,,,1,1,\\serverhcimp\sistemas\hosp\patrimonial\qr\QR-000059.bmp
60,TELEFONO,5,5,1,PANASONIC,KX-T7730,,,,0,,,COMPRA,31/12/2014,07/08/2024,450,31/12/2014,1104,0,0,12413,1.26E+13,1.24E+13,ALMACEN DE ACTIVO FIJO,16/02/2023,36,0,0,450,12.5,0,0,450,0,*,DONADO/OFICIALIA MAY,DIRECCION ADMINISTRATIVA,DIVISION DE RECURSOS MATERIALES,ACTIVO FIJO,L.D. ANA ROSA JUAREZ CONTRERAS,,,,1,1,\\serverhcimp\sistemas\hosp\patrimonial\qr\QR-000060.bmp
61,PINTARRON,5,9,2,,,,,,0,,,COMPRA,31/12/2014,21/07/2023,"1,032.40",31/12/2014,981,0,10.32,12429,1.26E+13,1.24E+13,ALMACEN DE ACTIVO FIJO,16/02/2023,60,0,0,"1,022.08",0,0,0,0,0,+++     *,HC,DIRECCION ADMINISTRATIVA,DIVISION DE RECURSOS MATERIALES,ACTIVO FIJO,L.D. ANA ROSA JUAREZ CONTRERAS,,,,1,1,\\serverhcimp\sistemas\hosp\patrimonial\qr\QR-000061.bmp
